sha256,label
001b8f696b6576798517168cd0a0fb44_0,0
001b8f696b6576798517168cd0a0fb44_1,0
001b8f696b6576798517168cd0a0fb44_10,0
001b8f696b6576798517168cd0a0fb44_11,0
001b8f696b6576798517168cd0a0fb44_12,0
001b8f696b6576798517168cd0a0fb44_13,0
001b8f696b6576798517168cd0a0fb44_14,0
001b8f696b6576798517168cd0a0fb44_15,0
001b8f696b6576798517168cd0a0fb44_16,0
001b8f696b6576798517168cd0a0fb44_17,0
001b8f696b6576798517168cd0a0fb44_18,0
001b8f696b6576798517168cd0a0fb44_19,0
001b8f696b6576798517168cd0a0fb44_2,0
001b8f696b6576798517168cd0a0fb44_20,0
001b8f696b6576798517168cd0a0fb44_21,0
001b8f696b6576798517168cd0a0fb44_22,0
001b8f696b6576798517168cd0a0fb44_23,0
001b8f696b6576798517168cd0a0fb44_24,0
001b8f696b6576798517168cd0a0fb44_25,0
001b8f696b6576798517168cd0a0fb44_26,0
001b8f696b6576798517168cd0a0fb44_27,0
001b8f696b6576798517168cd0a0fb44_28,0
001b8f696b6576798517168cd0a0fb44_29,0
001b8f696b6576798517168cd0a0fb44_3,0
001b8f696b6576798517168cd0a0fb44_4,0
001b8f696b6576798517168cd0a0fb44_5,0
001b8f696b6576798517168cd0a0fb44_6,0
001b8f696b6576798517168cd0a0fb44_7,0
001b8f696b6576798517168cd0a0fb44_8,0
001b8f696b6576798517168cd0a0fb44_9,0
002325a0a67fded0381b5648d7fe9b8e_0,0
002325a0a67fded0381b5648d7fe9b8e_1,0
002325a0a67fded0381b5648d7fe9b8e_10,0
002325a0a67fded0381b5648d7fe9b8e_11,0
002325a0a67fded0381b5648d7fe9b8e_12,0
002325a0a67fded0381b5648d7fe9b8e_13,0
002325a0a67fded0381b5648d7fe9b8e_14,0
002325a0a67fded0381b5648d7fe9b8e_15,0
002325a0a67fded0381b5648d7fe9b8e_16,0
002325a0a67fded0381b5648d7fe9b8e_17,0
002325a0a67fded0381b5648d7fe9b8e_18,0
002325a0a67fded0381b5648d7fe9b8e_19,0
002325a0a67fded0381b5648d7fe9b8e_2,0
002325a0a67fded0381b5648d7fe9b8e_20,0
002325a0a67fded0381b5648d7fe9b8e_21,0
002325a0a67fded0381b5648d7fe9b8e_22,0
002325a0a67fded0381b5648d7fe9b8e_23,0
002325a0a67fded0381b5648d7fe9b8e_24,0
002325a0a67fded0381b5648d7fe9b8e_25,0
002325a0a67fded0381b5648d7fe9b8e_26,0
002325a0a67fded0381b5648d7fe9b8e_27,0
002325a0a67fded0381b5648d7fe9b8e_28,0
002325a0a67fded0381b5648d7fe9b8e_29,0
002325a0a67fded0381b5648d7fe9b8e_3,0
002325a0a67fded0381b5648d7fe9b8e_4,0
002325a0a67fded0381b5648d7fe9b8e_5,0
002325a0a67fded0381b5648d7fe9b8e_6,0
002325a0a67fded0381b5648d7fe9b8e_7,0
002325a0a67fded0381b5648d7fe9b8e_8,0
002325a0a67fded0381b5648d7fe9b8e_9,0
002f5e401f705fe91f44263e49d6c216_0,0
002f5e401f705fe91f44263e49d6c216_1,0
002f5e401f705fe91f44263e49d6c216_10,0
002f5e401f705fe91f44263e49d6c216_11,0
002f5e401f705fe91f44263e49d6c216_12,0
002f5e401f705fe91f44263e49d6c216_13,0
002f5e401f705fe91f44263e49d6c216_14,0
002f5e401f705fe91f44263e49d6c216_15,0
002f5e401f705fe91f44263e49d6c216_16,0
002f5e401f705fe91f44263e49d6c216_17,0
002f5e401f705fe91f44263e49d6c216_18,0
002f5e401f705fe91f44263e49d6c216_19,0
002f5e401f705fe91f44263e49d6c216_2,0
002f5e401f705fe91f44263e49d6c216_20,0
002f5e401f705fe91f44263e49d6c216_21,0
002f5e401f705fe91f44263e49d6c216_22,0
002f5e401f705fe91f44263e49d6c216_23,0
002f5e401f705fe91f44263e49d6c216_24,0
002f5e401f705fe91f44263e49d6c216_25,0
002f5e401f705fe91f44263e49d6c216_26,0
002f5e401f705fe91f44263e49d6c216_27,0
002f5e401f705fe91f44263e49d6c216_28,0
002f5e401f705fe91f44263e49d6c216_29,0
002f5e401f705fe91f44263e49d6c216_3,0
002f5e401f705fe91f44263e49d6c216_4,0
002f5e401f705fe91f44263e49d6c216_5,0
002f5e401f705fe91f44263e49d6c216_6,0
002f5e401f705fe91f44263e49d6c216_7,0
002f5e401f705fe91f44263e49d6c216_8,0
002f5e401f705fe91f44263e49d6c216_9,0
006c4561499da562a4e337e2c146cf1a_0,0
006c4561499da562a4e337e2c146cf1a_1,0
006c4561499da562a4e337e2c146cf1a_10,0
006c4561499da562a4e337e2c146cf1a_11,0
006c4561499da562a4e337e2c146cf1a_12,0
006c4561499da562a4e337e2c146cf1a_13,0
006c4561499da562a4e337e2c146cf1a_14,0
006c4561499da562a4e337e2c146cf1a_15,0
006c4561499da562a4e337e2c146cf1a_16,0
006c4561499da562a4e337e2c146cf1a_17,0
006c4561499da562a4e337e2c146cf1a_18,0
006c4561499da562a4e337e2c146cf1a_19,0
006c4561499da562a4e337e2c146cf1a_2,0
006c4561499da562a4e337e2c146cf1a_20,0
006c4561499da562a4e337e2c146cf1a_21,0
006c4561499da562a4e337e2c146cf1a_22,0
006c4561499da562a4e337e2c146cf1a_23,0
006c4561499da562a4e337e2c146cf1a_24,0
006c4561499da562a4e337e2c146cf1a_25,0
006c4561499da562a4e337e2c146cf1a_26,0
006c4561499da562a4e337e2c146cf1a_27,0
006c4561499da562a4e337e2c146cf1a_28,0
006c4561499da562a4e337e2c146cf1a_29,0
006c4561499da562a4e337e2c146cf1a_3,0
006c4561499da562a4e337e2c146cf1a_4,0
006c4561499da562a4e337e2c146cf1a_5,0
006c4561499da562a4e337e2c146cf1a_6,0
006c4561499da562a4e337e2c146cf1a_7,0
006c4561499da562a4e337e2c146cf1a_8,0
006c4561499da562a4e337e2c146cf1a_9,0
00dbb9e1c09dbdafb360f3163ba5a3de_0,0
00dbb9e1c09dbdafb360f3163ba5a3de_1,0
00dbb9e1c09dbdafb360f3163ba5a3de_10,0
00dbb9e1c09dbdafb360f3163ba5a3de_11,0
00dbb9e1c09dbdafb360f3163ba5a3de_12,0
00dbb9e1c09dbdafb360f3163ba5a3de_13,0
00dbb9e1c09dbdafb360f3163ba5a3de_14,0
00dbb9e1c09dbdafb360f3163ba5a3de_15,0
00dbb9e1c09dbdafb360f3163ba5a3de_16,0
00dbb9e1c09dbdafb360f3163ba5a3de_17,0
00dbb9e1c09dbdafb360f3163ba5a3de_18,0
00dbb9e1c09dbdafb360f3163ba5a3de_19,0
00dbb9e1c09dbdafb360f3163ba5a3de_2,0
00dbb9e1c09dbdafb360f3163ba5a3de_20,0
00dbb9e1c09dbdafb360f3163ba5a3de_21,0
00dbb9e1c09dbdafb360f3163ba5a3de_22,0
00dbb9e1c09dbdafb360f3163ba5a3de_23,0
00dbb9e1c09dbdafb360f3163ba5a3de_24,0
00dbb9e1c09dbdafb360f3163ba5a3de_25,0
00dbb9e1c09dbdafb360f3163ba5a3de_26,0
00dbb9e1c09dbdafb360f3163ba5a3de_27,0
00dbb9e1c09dbdafb360f3163ba5a3de_28,0
00dbb9e1c09dbdafb360f3163ba5a3de_29,0
00dbb9e1c09dbdafb360f3163ba5a3de_3,0
00dbb9e1c09dbdafb360f3163ba5a3de_4,0
00dbb9e1c09dbdafb360f3163ba5a3de_5,0
00dbb9e1c09dbdafb360f3163ba5a3de_6,0
00dbb9e1c09dbdafb360f3163ba5a3de_7,0
00dbb9e1c09dbdafb360f3163ba5a3de_8,0
00dbb9e1c09dbdafb360f3163ba5a3de_9,0
011858556ad3a5ef1a6bbc6ad9eaae09_0,0
011858556ad3a5ef1a6bbc6ad9eaae09_1,0
011858556ad3a5ef1a6bbc6ad9eaae09_10,0
011858556ad3a5ef1a6bbc6ad9eaae09_11,0
011858556ad3a5ef1a6bbc6ad9eaae09_12,0
011858556ad3a5ef1a6bbc6ad9eaae09_13,0
011858556ad3a5ef1a6bbc6ad9eaae09_14,0
011858556ad3a5ef1a6bbc6ad9eaae09_15,0
011858556ad3a5ef1a6bbc6ad9eaae09_16,0
011858556ad3a5ef1a6bbc6ad9eaae09_17,0
011858556ad3a5ef1a6bbc6ad9eaae09_18,0
011858556ad3a5ef1a6bbc6ad9eaae09_19,0
011858556ad3a5ef1a6bbc6ad9eaae09_2,0
011858556ad3a5ef1a6bbc6ad9eaae09_20,0
011858556ad3a5ef1a6bbc6ad9eaae09_21,0
011858556ad3a5ef1a6bbc6ad9eaae09_22,0
011858556ad3a5ef1a6bbc6ad9eaae09_23,0
011858556ad3a5ef1a6bbc6ad9eaae09_24,0
011858556ad3a5ef1a6bbc6ad9eaae09_25,0
011858556ad3a5ef1a6bbc6ad9eaae09_26,0
011858556ad3a5ef1a6bbc6ad9eaae09_27,0
011858556ad3a5ef1a6bbc6ad9eaae09_28,0
011858556ad3a5ef1a6bbc6ad9eaae09_29,0
011858556ad3a5ef1a6bbc6ad9eaae09_3,0
011858556ad3a5ef1a6bbc6ad9eaae09_4,0
011858556ad3a5ef1a6bbc6ad9eaae09_5,0
011858556ad3a5ef1a6bbc6ad9eaae09_6,0
011858556ad3a5ef1a6bbc6ad9eaae09_7,0
011858556ad3a5ef1a6bbc6ad9eaae09_8,0
011858556ad3a5ef1a6bbc6ad9eaae09_9,0
0183bac55ebfad2850a360d6cd93d941_0,0
0183bac55ebfad2850a360d6cd93d941_1,0
0183bac55ebfad2850a360d6cd93d941_10,0
0183bac55ebfad2850a360d6cd93d941_11,0
0183bac55ebfad2850a360d6cd93d941_12,0
0183bac55ebfad2850a360d6cd93d941_13,0
0183bac55ebfad2850a360d6cd93d941_14,0
0183bac55ebfad2850a360d6cd93d941_15,0
0183bac55ebfad2850a360d6cd93d941_16,0
0183bac55ebfad2850a360d6cd93d941_17,0
0183bac55ebfad2850a360d6cd93d941_18,0
0183bac55ebfad2850a360d6cd93d941_19,0
0183bac55ebfad2850a360d6cd93d941_2,0
0183bac55ebfad2850a360d6cd93d941_20,0
0183bac55ebfad2850a360d6cd93d941_21,0
0183bac55ebfad2850a360d6cd93d941_22,0
0183bac55ebfad2850a360d6cd93d941_23,0
0183bac55ebfad2850a360d6cd93d941_24,0
0183bac55ebfad2850a360d6cd93d941_25,0
0183bac55ebfad2850a360d6cd93d941_26,0
0183bac55ebfad2850a360d6cd93d941_27,0
0183bac55ebfad2850a360d6cd93d941_28,0
0183bac55ebfad2850a360d6cd93d941_29,0
0183bac55ebfad2850a360d6cd93d941_3,0
0183bac55ebfad2850a360d6cd93d941_4,0
0183bac55ebfad2850a360d6cd93d941_5,0
0183bac55ebfad2850a360d6cd93d941_6,0
0183bac55ebfad2850a360d6cd93d941_7,0
0183bac55ebfad2850a360d6cd93d941_8,0
0183bac55ebfad2850a360d6cd93d941_9,0
018509c1165817d4b0a3e728eab41ea0_0,0
018509c1165817d4b0a3e728eab41ea0_1,0
018509c1165817d4b0a3e728eab41ea0_10,0
018509c1165817d4b0a3e728eab41ea0_11,0
018509c1165817d4b0a3e728eab41ea0_12,0
018509c1165817d4b0a3e728eab41ea0_13,0
018509c1165817d4b0a3e728eab41ea0_14,0
018509c1165817d4b0a3e728eab41ea0_15,0
018509c1165817d4b0a3e728eab41ea0_16,0
018509c1165817d4b0a3e728eab41ea0_17,0
018509c1165817d4b0a3e728eab41ea0_18,0
018509c1165817d4b0a3e728eab41ea0_19,0
018509c1165817d4b0a3e728eab41ea0_2,0
018509c1165817d4b0a3e728eab41ea0_20,0
018509c1165817d4b0a3e728eab41ea0_21,0
018509c1165817d4b0a3e728eab41ea0_22,0
018509c1165817d4b0a3e728eab41ea0_23,0
018509c1165817d4b0a3e728eab41ea0_24,0
018509c1165817d4b0a3e728eab41ea0_25,0
018509c1165817d4b0a3e728eab41ea0_26,0
018509c1165817d4b0a3e728eab41ea0_27,0
018509c1165817d4b0a3e728eab41ea0_28,0
018509c1165817d4b0a3e728eab41ea0_29,0
018509c1165817d4b0a3e728eab41ea0_3,0
018509c1165817d4b0a3e728eab41ea0_4,0
018509c1165817d4b0a3e728eab41ea0_5,0
018509c1165817d4b0a3e728eab41ea0_6,0
018509c1165817d4b0a3e728eab41ea0_7,0
018509c1165817d4b0a3e728eab41ea0_8,0
018509c1165817d4b0a3e728eab41ea0_9,0
01d09407d09355a821ba23ffb58ec40d_0,0
01d09407d09355a821ba23ffb58ec40d_1,0
01d09407d09355a821ba23ffb58ec40d_10,0
01d09407d09355a821ba23ffb58ec40d_11,0
01d09407d09355a821ba23ffb58ec40d_12,0
01d09407d09355a821ba23ffb58ec40d_13,0
01d09407d09355a821ba23ffb58ec40d_14,0
01d09407d09355a821ba23ffb58ec40d_15,0
01d09407d09355a821ba23ffb58ec40d_16,0
01d09407d09355a821ba23ffb58ec40d_17,0
01d09407d09355a821ba23ffb58ec40d_18,0
01d09407d09355a821ba23ffb58ec40d_19,0
01d09407d09355a821ba23ffb58ec40d_2,0
01d09407d09355a821ba23ffb58ec40d_20,0
01d09407d09355a821ba23ffb58ec40d_21,0
01d09407d09355a821ba23ffb58ec40d_22,0
01d09407d09355a821ba23ffb58ec40d_23,0
01d09407d09355a821ba23ffb58ec40d_24,0
01d09407d09355a821ba23ffb58ec40d_25,0
01d09407d09355a821ba23ffb58ec40d_26,0
01d09407d09355a821ba23ffb58ec40d_27,0
01d09407d09355a821ba23ffb58ec40d_28,0
01d09407d09355a821ba23ffb58ec40d_29,0
01d09407d09355a821ba23ffb58ec40d_3,0
01d09407d09355a821ba23ffb58ec40d_4,0
01d09407d09355a821ba23ffb58ec40d_5,0
01d09407d09355a821ba23ffb58ec40d_6,0
01d09407d09355a821ba23ffb58ec40d_7,0
01d09407d09355a821ba23ffb58ec40d_8,0
01d09407d09355a821ba23ffb58ec40d_9,0
01f1204f54c645a13368e1ba54179779_0,0
01f1204f54c645a13368e1ba54179779_1,0
01f1204f54c645a13368e1ba54179779_10,0
01f1204f54c645a13368e1ba54179779_11,0
01f1204f54c645a13368e1ba54179779_12,0
01f1204f54c645a13368e1ba54179779_13,0
01f1204f54c645a13368e1ba54179779_14,0
01f1204f54c645a13368e1ba54179779_15,0
01f1204f54c645a13368e1ba54179779_16,0
01f1204f54c645a13368e1ba54179779_17,0
01f1204f54c645a13368e1ba54179779_18,0
01f1204f54c645a13368e1ba54179779_19,0
01f1204f54c645a13368e1ba54179779_2,0
01f1204f54c645a13368e1ba54179779_20,0
01f1204f54c645a13368e1ba54179779_21,0
01f1204f54c645a13368e1ba54179779_22,0
01f1204f54c645a13368e1ba54179779_23,0
01f1204f54c645a13368e1ba54179779_24,0
01f1204f54c645a13368e1ba54179779_25,0
01f1204f54c645a13368e1ba54179779_26,0
01f1204f54c645a13368e1ba54179779_27,0
01f1204f54c645a13368e1ba54179779_28,0
01f1204f54c645a13368e1ba54179779_29,0
01f1204f54c645a13368e1ba54179779_3,0
01f1204f54c645a13368e1ba54179779_4,0
01f1204f54c645a13368e1ba54179779_5,0
01f1204f54c645a13368e1ba54179779_6,0
01f1204f54c645a13368e1ba54179779_7,0
01f1204f54c645a13368e1ba54179779_8,0
01f1204f54c645a13368e1ba54179779_9,0
